variant,collections,mean_sec,p50_sec,p99_sec,min_sec,max_sec
normal,160,0.015203964,0.013806465,0.039528047,0.002849839,0.041898115
zero,160,0.015335613,0.014074490,0.040980950,0.001188533,0.057666107
zero_offheap,160,0.016611066,0.015202956,0.047091279,0.002026922,0.049282344
zero_offheap_threaded,160,0.015969435,0.014731037,0.043707339,0.002992524,0.055765369
zero_stack_threaded,160,0.015402773,0.014592424,0.041925909,0.001501378,0.047758647
